Name,Href
Ageing,https://ailaaj.pk/collections/ageing
Allergy,https://ailaaj.pk/collections/allergy
Amino Acid,https://ailaaj.pk/collections/amino-acid
Anti Bacterials,https://ailaaj.pk/collections/anti-bacterials
Anti Coagulants,https://ailaaj.pk/collections/anti-coagulants
Anti fungals,https://ailaaj.pk/collections/anti-fungals
Anti Psychotics,https://ailaaj.pk/collections/anti-psychotics
Anti Smoking Agent,https://ailaaj.pk/collections/anti-smoking-agent
Anti Viral,https://ailaaj.pk/collections/anti-viral
Antioxidants,https://ailaaj.pk/collections/antioxidants
Asthma,https://ailaaj.pk/collections/asthma
Baby Care,https://ailaaj.pk/collections/baby-care
Baby Equipment,https://ailaaj.pk/collections/baby-equipment
Baby Feeding Essentials,https://ailaaj.pk/collections/baby-feeding-essentials
Baby Food,https://ailaaj.pk/collections/baby-food
Baby Laundry & Cleaning,https://ailaaj.pk/collections/baby-laundry-cleaning
Baby Lotion,https://ailaaj.pk/collections/baby-lotion
Baby Monitors,https://ailaaj.pk/collections/baby-monitors
Baby Nutrition,https://ailaaj.pk/collections/baby-nutrition
Baby Oil,https://ailaaj.pk/collections/baby-oil
Baby Remedies,https://ailaaj.pk/collections/baby-remedies
Baby Skin & Hair,https://ailaaj.pk/collections/baby-skin-hair
Baby Skin Treatments,https://ailaaj.pk/collections/baby-skin-treatments
Baby Sun Care,https://ailaaj.pk/collections/baby-sun-care
Back Pain,https://ailaaj.pk/collections/back-pain
Bacterial Infections,https://ailaaj.pk/collections/bacterial-infections
Bath & Body,https://ailaaj.pk/collections/bath-body
Bath Accessories,https://ailaaj.pk/collections/bath-accessories
Bath and Body,https://ailaaj.pk/collections/bath-and-body
Bathing Essentials,https://ailaaj.pk/collections/bathing-essentials
Beauty,https://ailaaj.pk/collections/beauty
Beauty and Skin,https://ailaaj.pk/collections/beauty-and-skin
Best Selling Collection,https://ailaaj.pk/collections/best-selling-collection
Beta Blocker,https://ailaaj.pk/collections/beta-blocker
Blood,https://ailaaj.pk/collections/blood
Blood Cell Deficiencies,https://ailaaj.pk/collections/blood-cell-deficiencies
Body Care,https://ailaaj.pk/collections/body-care
Bone Disorders,https://ailaaj.pk/collections/bone-disorders
Bottles & Nipples,https://ailaaj.pk/collections/bottles-nipples
Brain & Memory Support,https://ailaaj.pk/collections/brain-memory-support
Breast Pump And Accessories,https://ailaaj.pk/collections/breast-pump-and-accessories
Bronchodilators,https://ailaaj.pk/collections/bronchodilators
Burns,https://ailaaj.pk/collections/burns
Calcium,https://ailaaj.pk/collections/calcium
Calcium and Mineral Supplement,https://ailaaj.pk/collections/calcium-and-mineral-supplement
Calcium Channel Blockers,https://ailaaj.pk/collections/calcium-channel-blockers
Cancer,https://ailaaj.pk/collections/cancer
Cardiac Blood Medications,https://ailaaj.pk/collections/cardiac-blood-medications
Children's health,https://ailaaj.pk/collections/childrens-health
Cholesterol Control,https://ailaaj.pk/collections/cholesterol-control
Chromium,https://ailaaj.pk/collections/chromium
Cold and Flu,https://ailaaj.pk/collections/cold-and-flu
Collagen & Silica,https://ailaaj.pk/collections/collagen-silica
Condoms,https://ailaaj.pk/collections/condoms
Consumer Products,https://ailaaj.pk/collections/consumer-products
Corona Essentials,https://ailaaj.pk/collections/corona-essentials
Cough Cold and Allergy,https://ailaaj.pk/collections/cough-cold-and-allergy
Daily Essentials,https://ailaaj.pk/collections/daily-essentials
Damaged & Brittle Hair,https://ailaaj.pk/collections/damaged-brittle-hair
Dandruff,https://ailaaj.pk/collections/dandruff
Devices,https://ailaaj.pk/collections/devices
Diabetes,https://ailaaj.pk/collections/diabetes
Diabetic Foot and Skin Care,https://ailaaj.pk/collections/diabetic-foot-and-skin-care
Diabetic Management,https://ailaaj.pk/collections/diabetic-management
Diabetic Monitors and Strips,https://ailaaj.pk/collections/diabetic-monitors-and-strips
Diabetic Supplements,https://ailaaj.pk/collections/diabetic-supplements
Diapers & Wipes,https://ailaaj.pk/collections/diapers-wipes
Diarrhea,https://ailaaj.pk/collections/diarrhea
Diet Supplements,https://ailaaj.pk/collections/diet-supplements
Dry Eyes,https://ailaaj.pk/collections/dry-eyes
Dryness,https://ailaaj.pk/collections/dryness
Dyspepsia,https://ailaaj.pk/collections/dyspepsia
Echinacea,https://ailaaj.pk/collections/echinacea
Eczema,https://ailaaj.pk/collections/eczema
Energy Boosters,https://ailaaj.pk/collections/energy-boosters
Epilepsy,https://ailaaj.pk/collections/epilepsy
Eye,https://ailaaj.pk/collections/eye
Eye and Ear Medication,https://ailaaj.pk/collections/eye-and-ear-medication
Eye and Vision Support,https://ailaaj.pk/collections/eye-and-vision-support
Face Creams,https://ailaaj.pk/collections/face-creams
Face Mask & Sanitizers,https://ailaaj.pk/collections/face-mask-sanitizers
Face Masks,https://ailaaj.pk/collections/face-masks
Face Moisturizers,https://ailaaj.pk/collections/face-moisturizers
Face Serums,https://ailaaj.pk/collections/face-serums
Face Wash,https://ailaaj.pk/collections/face-wash
Face Whitening,https://ailaaj.pk/collections/face-whitening
Facial Skin Care,https://ailaaj.pk/collections/facial-skin-care
Feeding Accessories,https://ailaaj.pk/collections/feeding-accessories
Feminine Care,https://ailaaj.pk/collections/feminine-care
Feminine Wash,https://ailaaj.pk/collections/feminine-wash
Fever,https://ailaaj.pk/collections/fever
Fiber Supplements,https://ailaaj.pk/collections/fiber-supplements
First aid and disposables,https://ailaaj.pk/collections/first-aid-and-disposables
First Aid Kit,https://ailaaj.pk/collections/first-aid-kit
Fish Oil and Omega 3,https://ailaaj.pk/collections/fish-oil-and-omega-3
Friendly Bacteria,https://ailaaj.pk/collections/friendly-bacteria
Garlic,https://ailaaj.pk/collections/garlic
Gastrointestinal Disorders,https://ailaaj.pk/collections/gastrointestinal-disorders
Gels,https://ailaaj.pk/collections/gels
Ginkgo Biloba,https://ailaaj.pk/collections/ginkgo-biloba
Ginseng & Guarana,https://ailaaj.pk/collections/ginseng-guarana
Glucosamine & Chondroitin,https://ailaaj.pk/collections/glucosamine-chondroitin
Grooming,https://ailaaj.pk/collections/grooming
H2 Receptor Antagonist,https://ailaaj.pk/collections/h2-receptor-antagonist
Haemorrhoids,https://ailaaj.pk/collections/haemorrhoids
Hair and Scalp Treatment,https://ailaaj.pk/collections/hair-and-scalp-treatment
Hair Care,https://ailaaj.pk/collections/hair-care
Hair Color,https://ailaaj.pk/collections/hair-color
Hair Conditioner,https://ailaaj.pk/collections/hair-conditioner
Hair Gel,https://ailaaj.pk/collections/hair-gel
Hair Mask,https://ailaaj.pk/collections/hair-mask
Hair Nourishment,https://ailaaj.pk/collections/hair-nourishment
Hair Oil,https://ailaaj.pk/collections/hair-oil
Hair Removal,https://ailaaj.pk/collections/hair-removal
Hair Removal Creams,https://ailaaj.pk/collections/hair-removal-creams
Hair Serum,https://ailaaj.pk/collections/hair-serum
Hair Spray,https://ailaaj.pk/collections/hair-spray
Hair Styling,https://ailaaj.pk/collections/hair-styling
Hair Supplements,https://ailaaj.pk/collections/hair-supplements
Hair Tools & Accessories,https://ailaaj.pk/collections/hair-tools-accessories
"Hair, Skin & Nails",https://ailaaj.pk/collections/hair-skin-nails
Hairloss & Thining,https://ailaaj.pk/collections/hairloss-thining
Hairloss Treatment,https://ailaaj.pk/collections/hairloss-treatment
Hand Sanitizers,https://ailaaj.pk/collections/hand-sanitizers
Hand Soap,https://ailaaj.pk/collections/hand-soap
Hand Wash,https://ailaaj.pk/collections/hand-wash
Headache,https://ailaaj.pk/collections/headache
Healthy Breathing,https://ailaaj.pk/collections/healthy-breathing
Healthy Food,https://ailaaj.pk/collections/healthy-food
Heart Disorders,https://ailaaj.pk/collections/heart-disorders
Herbal,https://ailaaj.pk/collections/herbal
Herbal Remedies,https://ailaaj.pk/collections/herbal-remedies
High Blood Pressure,https://ailaaj.pk/collections/high-blood-pressure
Home Health Care,https://ailaaj.pk/collections/home-health-care
Home Healthcare,https://ailaaj.pk/collections/home-healthcare
Homeopathic Drugs,https://ailaaj.pk/collections/homeopathic-drugs
IBS,https://ailaaj.pk/collections/ibs
Immunity Boosters,https://ailaaj.pk/collections/immunity-boosters
Immunity Disorders,https://ailaaj.pk/collections/immunity-disorders
Infections,https://ailaaj.pk/collections/infections
Injectable Anti Cancer,https://ailaaj.pk/collections/injectable-anti-cancer
Intravenous Fluids,https://ailaaj.pk/collections/intravenous-fluids
Iron,https://ailaaj.pk/collections/iron
Joints and Muscles Health,https://ailaaj.pk/collections/joints-and-muscles-health
Kidney Disorders,https://ailaaj.pk/collections/kidney-disorders
Lice Treatment,https://ailaaj.pk/collections/lice-treatment
Liver,https://ailaaj.pk/collections/liver
Local steroids,https://ailaaj.pk/collections/local-steroids
Lotions,https://ailaaj.pk/collections/lotions
Low Sugar Solution,https://ailaaj.pk/collections/low-sugar-solution
Lungs,https://ailaaj.pk/collections/lungs
Maca,https://ailaaj.pk/collections/maca
Macrolides,https://ailaaj.pk/collections/macrolides
Magnesium,https://ailaaj.pk/collections/magnesium
Malaria,https://ailaaj.pk/collections/malaria
Male Sexual Dysfunction,https://ailaaj.pk/collections/male-sexual-dysfunction
Mask,https://ailaaj.pk/collections/mask
Maternity Care,https://ailaaj.pk/collections/maternity-care
Meal Time Essentials,https://ailaaj.pk/collections/meal-time-essentials
Medical Accessories,https://ailaaj.pk/collections/medical-accessories
Medical Device,https://ailaaj.pk/collections/medical-device
Medical Devices,https://ailaaj.pk/collections/medical-devices
Medicated Shampoo,https://ailaaj.pk/collections/medicated-shampoo
Medications,https://ailaaj.pk/collections/medications
Melatonin,https://ailaaj.pk/collections/melatonin
Men Care,https://ailaaj.pk/collections/men-care
Milk Formula,https://ailaaj.pk/collections/milk-formula
Milk Products,https://ailaaj.pk/collections/milk-products
Minerals,https://ailaaj.pk/collections/minerals
Mom & Baby,https://ailaaj.pk/collections/mom-baby
Mood Elevators,https://ailaaj.pk/collections/mood-elevators
Mosquito Repellents,https://ailaaj.pk/collections/mosquito-repellents
Mothercare,https://ailaaj.pk/collections/mothercare
Mouth Wash,https://ailaaj.pk/collections/mouth-wash
Multiple Sclerosis Medications,https://ailaaj.pk/collections/multiple-sclerosis-medications
Multivitamins,https://ailaaj.pk/collections/multivitamins
Muscle Pain Relief,https://ailaaj.pk/collections/muscle-pain-relief
Nappy Rash,https://ailaaj.pk/collections/nappy-rash
Nasal Allergy,https://ailaaj.pk/collections/nasal-allergy
Nebulizer,https://ailaaj.pk/collections/nebulizer
Nervous System Disorders,https://ailaaj.pk/collections/nervous-system-disorders
Neurology,https://ailaaj.pk/collections/neurology
Neurology Medication,https://ailaaj.pk/collections/neurology-medication
Neuropathic Pain,https://ailaaj.pk/collections/neuropathic-pain
New collection,https://ailaaj.pk/collections/new-collection
Non Medicine,https://ailaaj.pk/collections/non-medicine
Non Sedative Anti Histamine,https://ailaaj.pk/collections/non-sedative-anti-histamine
Ocular Anti Infectives,https://ailaaj.pk/collections/ocular-anti-infectives
Ointments,https://ailaaj.pk/collections/ointments
Oncology Medication,https://ailaaj.pk/collections/oncology-medication
Oral Anti Diabetics,https://ailaaj.pk/collections/oral-anti-diabetics
Oral Asthma Preparations,https://ailaaj.pk/collections/oral-asthma-preparations
Oral Care,https://ailaaj.pk/collections/oral-care
Oral Gel,https://ailaaj.pk/collections/oral-gel
Oral Pain Killers,https://ailaaj.pk/collections/oral-pain-killers
Orthopedic Soft Goods and Braces,https://ailaaj.pk/collections/orthopedic-soft-goods-and-braces
Osteoporosis,https://ailaaj.pk/collections/osteoporosis
Other Bacterial Infections,https://ailaaj.pk/collections/other-bacterial-infections
Other Cardiac Therapy,https://ailaaj.pk/collections/other-cardiac-therapy
Other Oral Anti Diabetics,https://ailaaj.pk/collections/other-oral-anti-diabetics
Over The Counter Drugs,https://ailaaj.pk/collections/over-the-counter-drugs
Pacifiers & Soothers,https://ailaaj.pk/collections/pacifiers-soothers
Pain Killers,https://ailaaj.pk/collections/pain-killers
Pain Relief,https://ailaaj.pk/collections/pain-relief
Patient Therapy & Rehabilitation,https://ailaaj.pk/collections/patient-therapy-rehabilitation
Penicillins,https://ailaaj.pk/collections/penicillins
Period Cramps,https://ailaaj.pk/collections/period-cramps
Personal Care,https://ailaaj.pk/collections/personal-care
Pigmentation,https://ailaaj.pk/collections/pigmentation
Plant Sourced Supplements,https://ailaaj.pk/collections/plant-sourced-supplements
Power Wheelchair,https://ailaaj.pk/collections/power-wheelchair
Pregnancy Care,https://ailaaj.pk/collections/pregnancy-care
Pregnancy Supplements,https://ailaaj.pk/collections/pregnancy-supplements
Prescription Drugs,https://ailaaj.pk/collections/prescription-drugs
Proton Pump Inhibitors,https://ailaaj.pk/collections/proton-pump-inhibitors
Rehydration,https://ailaaj.pk/collections/rehydration
Renal & Hepatic Disorders Medications,https://ailaaj.pk/collections/renal-hepatic-disorders-medications
Respiratory Care,https://ailaaj.pk/collections/respiratory-care
Respiratory Equipments,https://ailaaj.pk/collections/respiratory-equipments
Respiratory Medication,https://ailaaj.pk/collections/respiratory-medication
Rheumatic Medication,https://ailaaj.pk/collections/rheumatic-medication
Royal Jelly & Honey Derivatives,https://ailaaj.pk/collections/royal-jelly-honey-derivatives
Safety & Comfort,https://ailaaj.pk/collections/safety-comfort
Selenium,https://ailaaj.pk/collections/selenium
Self Medications,https://ailaaj.pk/collections/self-medications
Sensitive & Irritated Scalp,https://ailaaj.pk/collections/sensitive-irritated-scalp
Serums,https://ailaaj.pk/collections/serums
Serums And Masks,https://ailaaj.pk/collections/serums-and-masks
Sexual Healthcare,https://ailaaj.pk/collections/sexual-healthcare
Sexual Wellness,https://ailaaj.pk/collections/sexual-wellness
shampoos,https://ailaaj.pk/collections/shampoos
Shop by Condition,https://ailaaj.pk/collections/shop-by-condition
Shop in Shop,https://ailaaj.pk/collections/shop-in-shop
Shower Gel,https://ailaaj.pk/collections/shower-gel
Skin Care,https://ailaaj.pk/collections/skin-care
Skin Concern,https://ailaaj.pk/collections/skin-concern
Skin Condition,https://ailaaj.pk/collections/skin-condition
Skin Soap,https://ailaaj.pk/collections/skin-soap
Skin Supplements,https://ailaaj.pk/collections/skin-supplements
Sleep disorders,https://ailaaj.pk/collections/sleep-disorders
Smog Essentials,https://ailaaj.pk/collections/smog-essentials
Soaps & Sanitizers,https://ailaaj.pk/collections/soaps-sanitizers
Solid & Semi Solid Food,https://ailaaj.pk/collections/solid-semi-solid-food
Sore Throat,https://ailaaj.pk/collections/sore-throat
Special Discounts,https://ailaaj.pk/collections/special-discounts
Specialty Medication,https://ailaaj.pk/collections/specialty-medication
Steroids,https://ailaaj.pk/collections/steroids
Stomach and Bowel,https://ailaaj.pk/collections/stomach-and-bowel
Sulfonylureas,https://ailaaj.pk/collections/sulfonylureas
Sun Block,https://ailaaj.pk/collections/sun-block
Sun Care,https://ailaaj.pk/collections/sun-care
Sunscreen,https://ailaaj.pk/collections/sunscreen
Supplement Tablets,https://ailaaj.pk/collections/supplement-tablets
Supplements,https://ailaaj.pk/collections/supplements
Supplements Capsules,https://ailaaj.pk/collections/supplements-capsules
Surgical Care,https://ailaaj.pk/collections/surgical-care
Surgical Medication,https://ailaaj.pk/collections/surgical-medication
Surgical Support,https://ailaaj.pk/collections/surgical-support
Surgicals and Disposables,https://ailaaj.pk/collections/surgicals-and-disposables
Talcum Powders,https://ailaaj.pk/collections/talcum-powders
taxable18,https://ailaaj.pk/collections/taxable18
Teething Essentials,https://ailaaj.pk/collections/teething-essentials
Tooth Brush,https://ailaaj.pk/collections/tooth-brush
Toothpaste,https://ailaaj.pk/collections/toothpaste
Topical Infections,https://ailaaj.pk/collections/topical-infections
Ulcer,https://ailaaj.pk/collections/ulcer
Valerian,https://ailaaj.pk/collections/valerian
Vitamin B,https://ailaaj.pk/collections/vitamin-b
Vitamin C,https://ailaaj.pk/collections/vitamin-c
Vitamin D,https://ailaaj.pk/collections/vitamin-d
Vitamin E,https://ailaaj.pk/collections/vitamin-e
Vitamins,https://ailaaj.pk/collections/vitamins
Vitamins and Nutritional Supplements,https://ailaaj.pk/collections/vitamins-and-nutritional-supplements
Vitamins and supplements,https://ailaaj.pk/collections/vitamins-and-supplements
Wheel Chairs,https://ailaaj.pk/collections/wheel-chairs
Wheelchairs & Canes,https://ailaaj.pk/collections/wheelchairs-canes
Wound care,https://ailaaj.pk/collections/wound-care
